FIRST_NAME	LAST_NAME	CONTACT	DOB	USER_NAME	DEPARTMENT
siddharth 	tambake 	8668224007	1997-06-04 	sid@gmail.com 	developer
mahesh 	changale 	7770025435	1996-01-01 	mahi@gmail.com 	testing
ajay 	salunke 	9673858607	1996-01-01 	ajay@gmail.com 	developer
siddharth 	tambake 	8668224008	1998-06-04 	sid@gmail.com 	developer
mahesh 	changale 	7770025436	1997-01-01 	mahi@gmail.com 	testing
ajay 	salunke 	9673858608	1997-01-01 	ajay@gmail.com 	developer
siddharth 	tambake 	8668224009	1999-06-04 	sid@gmail.com 	developer
mahesh 	changale 	7770025437	1998-01-01 	mahi@gmail.com 	testing
ajay 	salunke 	9673858609	1998-01-01 	ajay@gmail.com 	developer
siddharth 	tambake 	8668224010	2000-06-04 	sid@gmail.com 	developer
mahesh 	changale 	7770025438	1999-01-01 	mahi@gmail.com 	testing
ajay 	salunke 	9673858610	1999-01-01 	ajay@gmail.com 	developer
siddharth 	tambake 	8668224008	1998-06-04 	sid@gmail.com 	developer
mahesh 	changale 	7770025436	1997-01-01 	mahi@gmail.com 	testing
ajay 	salunke 	9673858608	1997-01-01 	ajay@gmail.com 	developer
siddharth 	tambake 	8668224009	1999-06-04 	sid@gmail.com 	developer
mahesh 	changale 	7770025437	1998-01-01 	mahi@gmail.com 	testing
ajay 	salunke 	9673858609	1998-01-01 	ajay@gmail.com 	developer
siddharth 	tambake 	8668224010	2000-06-04 	sid@gmail.com 	developer
mahesh 	changale 	7770025438	1999-01-01 	mahi@gmail.com 	testing
ajay 	salunke 	9673858610	1999-01-01 	ajay@gmail.com 	developer
siddharth 	tambake 	8668224011	2001-06-04 	sid@gmail.com 	developer
mahesh 	changale 	7770025439	2000-01-01 	mahi@gmail.com 	testing
ajay 	salunke 	9673858611	2000-01-01 	ajay@gmail.com 	developer
siddharth 	tambake 	8668224009	1999-06-04 	sid@gmail.com 	developer
mahesh 	changale 	7770025437	1998-01-01 	mahi@gmail.com 	testing
ajay 	salunke 	9673858609	1998-01-01 	ajay@gmail.com 	developer
siddharth 	tambake 	8668224010	2000-06-04 	sid@gmail.com 	developer
mahesh 	changale 	7770025438	1999-01-01 	mahi@gmail.com 	testing
ajay 	salunke 	9673858610	1999-01-01 	ajay@gmail.com 	developer
siddharth 	tambake 	8668224011	2001-06-04 	sid@gmail.com 	developer
mahesh 	changale 	7770025439	2000-01-01 	mahi@gmail.com 	testing
ajay 	salunke 	9673858611	2000-01-01 	ajay@gmail.com 	developer
siddharth 	tambake 	8668224012	2002-06-04 	sid@gmail.com 	developer
mahesh 	changale 	7770025440	2001-01-01 	mahi@gmail.com 	testing
ajay 	salunke 	9673858612	2001-01-01 	ajay@gmail.com 	developer
siddharth 	tambake 	8668224010	2000-06-04 	sid@gmail.com 	developer
mahesh 	changale 	7770025438	1999-01-01 	mahi@gmail.com 	testing
ajay 	salunke 	9673858610	1999-01-01 	ajay@gmail.com 	developer
siddharth 	tambake 	8668224011	2001-06-04 	sid@gmail.com 	developer
mahesh 	changale 	7770025439	2000-01-01 	mahi@gmail.com 	testing
ajay 	salunke 	9673858611	2000-01-01 	ajay@gmail.com 	developer
siddharth 	tambake 	8668224012	2002-06-04 	sid@gmail.com 	developer
mahesh 	changale 	7770025440	2001-01-01 	mahi@gmail.com 	testing
ajay 	salunke 	9673858612	2001-01-01 	ajay@gmail.com 	developer
siddharth 	tambake 	8668224013	2003-06-04 	sid@gmail.com 	developer
mahesh 	changale 	7770025441	2002-01-01 	mahi@gmail.com 	testing
ajay 	salunke 	9673858613	2002-01-01 	ajay@gmail.com 	developer
siddharth 	tambake 	8668224011	2001-06-04 	sid@gmail.com 	developer
mahesh 	changale 	7770025439	2000-01-01 	mahi@gmail.com 	testing
ajay 	salunke 	9673858611	2000-01-01 	ajay@gmail.com 	developer
siddharth 	tambake 	8668224012	2002-06-04 	sid@gmail.com 	developer
mahesh 	changale 	7770025440	2001-01-01 	mahi@gmail.com 	testing
ajay 	salunke 	9673858612	2001-01-01 	ajay@gmail.com 	developer
siddharth 	tambake 	8668224013	2003-06-04 	sid@gmail.com 	developer
mahesh 	changale 	7770025441	2002-01-01 	mahi@gmail.com 	testing
ajay 	salunke 	9673858613	2002-01-01 	ajay@gmail.com 	developer
siddharth 	tambake 	8668224014	2004-06-04 	sid@gmail.com 	developer
mahesh 	changale 	7770025442	2003-01-01 	mahi@gmail.com 	testing
ajay 	salunke 	9673858614	2003-01-01 	ajay@gmail.com 	developer
siddharth 	tambake 	8668224012	2002-06-04 	sid@gmail.com 	developer
mahesh 	changale 	7770025440	2001-01-01 	mahi@gmail.com 	testing
ajay 	salunke 	9673858612	2001-01-01 	ajay@gmail.com 	developer
siddharth 	tambake 	8668224013	2003-06-04 	sid@gmail.com 	developer
mahesh 	changale 	7770025441	2002-01-01 	mahi@gmail.com 	testing
ajay 	salunke 	9673858613	2002-01-01 	ajay@gmail.com 	developer
siddharth 	tambake 	8668224014	2004-06-04 	sid@gmail.com 	developer
mahesh 	changale 	7770025442	2003-01-01 	mahi@gmail.com 	testing
ajay 	salunke 	9673858614	2003-01-01 	ajay@gmail.com 	developer
siddharth 	tambake 	8668224015	2005-06-04 	sid@gmail.com 	developer
mahesh 	changale 	7770025443	2004-01-01 	mahi@gmail.com 	testing
ajay 	salunke 	9673858615	2004-01-01 	ajay@gmail.com 	developer
siddharth 	tambake 	8668224013	2003-06-04 	sid@gmail.com 	developer
mahesh 	changale 	7770025441	2002-01-01 	mahi@gmail.com 	testing
ajay 	salunke 	9673858613	2002-01-01 	ajay@gmail.com 	developer
siddharth 	tambake 	8668224014	2004-06-04 	sid@gmail.com 	developer
mahesh 	changale 	7770025442	2003-01-01 	mahi@gmail.com 	testing
ajay 	salunke 	9673858614	2003-01-01 	ajay@gmail.com 	developer
siddharth 	tambake 	8668224015	2005-06-04 	sid@gmail.com 	developer
mahesh 	changale 	7770025443	2004-01-01 	mahi@gmail.com 	testing
ajay 	salunke 	9673858615	2004-01-01 	ajay@gmail.com 	developer
siddharth 	tambake 	8668224016	2006-06-04 	sid@gmail.com 	developer
mahesh 	changale 	7770025444	2005-01-01 	mahi@gmail.com 	testing
ajay 	salunke 	9673858616	2005-01-01 	ajay@gmail.com 	developer
siddharth 	tambake 	8668224014	2004-06-04 	sid@gmail.com 	developer
mahesh 	changale 	7770025442	2003-01-01 	mahi@gmail.com 	testing
ajay 	salunke 	9673858614	2003-01-01 	ajay@gmail.com 	developer
siddharth 	tambake 	8668224015	2005-06-04 	sid@gmail.com 	developer
mahesh 	changale 	7770025443	2004-01-01 	mahi@gmail.com 	testing
ajay 	salunke 	9673858615	2004-01-01 	ajay@gmail.com 	developer
siddharth 	tambake 	8668224016	2006-06-04 	sid@gmail.com 	developer
mahesh 	changale 	7770025444	2005-01-01 	mahi@gmail.com 	testing
ajay 	salunke 	9673858616	2005-01-01 	ajay@gmail.com 	developer
siddharth 	tambake 	8668224017	2007-06-04 	sid@gmail.com 	developer
mahesh 	changale 	7770025445	2006-01-01 	mahi@gmail.com 	testing
ajay 	salunke 	9673858617	2006-01-01 	ajay@gmail.com 	developer
siddharth 	tambake 	8668224015	2005-06-04 	sid@gmail.com 	developer
mahesh 	changale 	7770025443	2004-01-01 	mahi@gmail.com 	testing
ajay 	salunke 	9673858615	2004-01-01 	ajay@gmail.com 	developer
siddharth 	tambake 	8668224016	2006-06-04 	sid@gmail.com 	developer
mahesh 	changale 	7770025444	2005-01-01 	mahi@gmail.com 	testing
ajay 	salunke 	9673858616	2005-01-01 	ajay@gmail.com 	developer
siddharth 	tambake 	8668224017	2007-06-04 	sid@gmail.com 	developer
mahesh 	changale 	7770025445	2006-01-01 	mahi@gmail.com 	testing
ajay 	salunke 	9673858617	2006-01-01 	ajay@gmail.com 	developer
siddharth 	tambake 	8668224018	2008-06-04 	sid@gmail.com 	developer
mahesh 	changale 	7770025446	2007-01-01 	mahi@gmail.com 	testing
ajay 	salunke 	9673858618	2007-01-01 	ajay@gmail.com 	developer
siddharth 	tambake 	8668224016	2006-06-04 	sid@gmail.com 	developer
mahesh 	changale 	7770025444	2005-01-01 	mahi@gmail.com 	testing
ajay 	salunke 	9673858616	2005-01-01 	ajay@gmail.com 	developer
siddharth 	tambake 	8668224017	2007-06-04 	sid@gmail.com 	developer
mahesh 	changale 	7770025445	2006-01-01 	mahi@gmail.com 	testing
ajay 	salunke 	9673858617	2006-01-01 	ajay@gmail.com 	developer
siddharth 	tambake 	8668224018	2008-06-04 	sid@gmail.com 	developer
mahesh 	changale 	7770025446	2007-01-01 	mahi@gmail.com 	testing
ajay 	salunke 	9673858618	2007-01-01 	ajay@gmail.com 	developer
siddharth 	tambake 	8668224019	2009-06-04 	sid@gmail.com 	developer
mahesh 	changale 	7770025447	2008-01-01 	mahi@gmail.com 	testing
ajay 	salunke 	9673858619	2008-01-01 	ajay@gmail.com 	developer
siddharth 	tambake 	8668224017	2007-06-04 	sid@gmail.com 	developer
mahesh 	changale 	7770025445	2006-01-01 	mahi@gmail.com 	testing
ajay 	salunke 	9673858617	2006-01-01 	ajay@gmail.com 	developer
siddharth 	tambake 	8668224018	2008-06-04 	sid@gmail.com 	developer
mahesh 	changale 	7770025446	2007-01-01 	mahi@gmail.com 	testing
ajay 	salunke 	9673858618	2007-01-01 	ajay@gmail.com 	developer
siddharth 	tambake 	8668224019	2009-06-04 	sid@gmail.com 	developer
